<?xml version="1.0" encoding="UTF-8"?>
<project-private xmlns="http://www.netbeans.org/ns/project-private/1">
    <editor-bookmarks xmlns="http://www.netbeans.org/ns/editor-bookmarks/2" lastBookmarkId="0"/>
    <open-files xmlns="http://www.netbeans.org/ns/projectui-open-files/2">
        <group>
            <file>file:/C:/Users/alvip/Google%20Drive/Informática%204º%20Año/2º%20Quatrimestre/Integración%20de%20Tecnologías/Proyecto/PruebaSOAP/src/java/Servicio/BizumWS.java</file>
            <file>file:/C:/Users/alvip/Google%20Drive/Informática%204º%20Año/2º%20Quatrimestre/Integración%20de%20Tecnologías/Proyecto/PruebaSOAP/src/java/persistencia/Central.java</file>
            <file>file:/C:/Users/alvip/Google%20Drive/Informática%204º%20Año/2º%20Quatrimestre/Integración%20de%20Tecnologías/Proyecto/PruebaSOAP/src/java/hibernate.cfg.xml</file>
            <file>file:/C:/Users/alvip/Google%20Drive/Informática%204º%20Año/2º%20Quatrimestre/Integración%20de%20Tecnologías/Proyecto/PruebaSOAP/src/java/DAO/BizumDAO.java</file>
        </group>
    </open-files>
</project-private>
