<!DOCTYPE struts PUBLIC
"-//Apache Software Foundation//DTD Struts Configuration 2.0//EN"
"http://struts.apache.org/dtds/struts-2.0.dtd">

<struts>
    <!-- Configuration for the default package. -->
    <package name="accionesPublicidades" extends="struts-default">
        <action name="listadoPublicidades" class="acciones.PublicidadAcciones">
            <result name="success">/vistas/publicidad/listadoPublicidad.jsp</result>
        </action> 
        <action name="publicidadCrear" class="acciones.Acciones" method="cargarFormPublicidad">
            <result name="success">/vistas/publicidad/publicidad.jsp</result>
        </action> 
        <action name="publicidadGuardar" class="acciones.PublicidadAcciones" method="createPublicidad">
            <result name="success">/vistas/menu.jsp</result>
            <result name="input">/vistas/menu.jsp</result>
        </action>
        <action name="eliminarPublicidad" class="acciones.PublicidadAcciones" method="deletePublicidad">
            <result name="success">/vistas/publicidad/listadoPublicidad.jsp</result>
        </action>
    </package>
</struts>
