<!DOCTYPE struts PUBLIC
"-//Apache Software Foundation//DTD Struts Configuration 2.0//EN"
"http://struts.apache.org/dtds/struts-2.0.dtd">

<struts>
    <!-- Configuration for the default package. -->
    <package name="accionesCategorias" extends="struts-default">
        <action name="listadoCategorias" class="acciones.Acciones" method="listadoCategoria">
            <result name="success">/vistas/categoria/listadoCategorias.jsp</result>
        </action>
        <action name="categoriaCrear" class="acciones.Acciones" method="cargarFormCategoria" >
            <result name="success">/vistas/categoria/categoria.jsp</result>
        </action>
        <action name="categoriaGuardar" class="acciones.CategoriaAcciones">
            <result name="success">/vistas/categoria/listadoCategorias.jsp</result>
            <result name="input">/vistas/categoria/categoria.jsp</result>   
        </action>   
        <action name="categoriaEliminar" class="acciones.Acciones" method="deleteCategory">
            <result name="success">/vistas/categoria/listadoCategorias.jsp</result>
            <result name="input">/vistas/categoria/listadoCategorias.jsp</result>   
        </action> 
    </package>
</struts>