<!DOCTYPE struts PUBLIC
"-//Apache Software Foundation//DTD Struts Configuration 2.0//EN"
"http://struts.apache.org/dtds/struts-2.0.dtd">

<struts>
    <!-- Configuration for the default package. -->
    <package name="accionesProductos" extends="struts-default">
        <action name="listadoProductos">
            <result>vistas/producto/listadoCompra.jsp</result>
        </action>
        <action name="verProducto" class="acciones.ComprarAcciones" method="ver">
            <result name="success">vistas/producto/verProducto.jsp</result>
            <result name="error">vistas/producto/listadoCompra.jsp</result>
        </action>
        <action name="filtrarProducto" class="acciones.ComprarAcciones" method="filtrar">
            <result name="success">vistas/producto/listadoCompra.jsp</result>
            <result name="error">vistas/producto/listadoCompra.jsp</result>
        </action>
        <action name="quitarFiltrarProducto" class="acciones.ComprarAcciones" method="removeFilter">
            <result>vistas/producto/listadoCompra.jsp</result>
        </action>
        <action name="comprarProducto" class="acciones.ComprarAcciones">
            <result name="success">vistas/producto/confirmarCompraProducto.jsp</result>
            <result name="error">vistas/producto/errorCompraProducto.jsp</result>
        </action>
        <action name="productoEliminar" class="acciones.ProductoAcciones" method="deleteProduct">
            <result>vistas/producto/listadoCompra.jsp</result>
        </action>
        <action name="listadoProductosAdmin" class="acciones.ProductoAcciones">
            <result>vistas/producto/listadoProductos.jsp</result>
        </action>
        <action name="listadoComprar" class="acciones.ComprarAcciones" method="listado">
            <result name="success">vistas/producto/listadoCompra.jsp</result>
        </action>  
        <action name="formularioVender" class="acciones.VentaAcciones" >
            <result name="success">vistas/producto/listadoVenta.jsp</result>
        </action>
        <action name="productoModificar" class="acciones.Acciones" method="cargarFormProducto" >
            <result name="success">/vistas/producto/producto_modificar.jsp</result>
        </action>
        <action name="productoModificarConfirmar" class="acciones.ProductoAcciones" method="modificarProducto">
            <result name="success">/vistas/producto/listadoVenta.jsp</result>
        </action>
        <action name="subirProducto" class="acciones.Acciones" method="cargarFormSubirProducto">
            <result name="success">/vistas/producto/subirProducto.jsp</result>
        </action>
        <action name="productoConfirmarSubir" class="acciones.ProductoAcciones" method="subirProducto">
            <result name="success">/vistas/producto/listadoVenta.jsp</result>
            <result name="input">/vistas/producto/listadoVenta.jsp</result>
        </action>
    </package>
</struts>
