<!DOCTYPE struts PUBLIC
"-//Apache Software Foundation//DTD Struts Configuration 2.0//EN"
"http://struts.apache.org/dtds/struts-2.0.dtd">

<struts>
    <!-- Configuration for the default package. -->
    <package name="accionesMiCuenta" extends="struts-default">
        <action name="miCuenta" class="acciones.Acciones" method="getRolesMicuenta">
            <result>vistas/usuario/miCuenta.jsp</result>
        </action>
        <action name="guardarDatos" class="acciones.UsuarioAcciones">
            <result name="success">/vistas/menu.jsp</result>
            <result name="error">/vistas/usuario/miCuenta.jsp</result>
            <result name="input">/vistas/usuario/miCuenta.jsp</result>
        </action>
        <action name="listadoUsuarios" class="acciones.ListadoUsuarioAcciones">
            <result name="success">/vistas/usuario/listadoUsuarios.jsp</result>           
        </action>
        <action name="registro">
            <result>/vistas/registro.jsp</result>
        </action>
        <action name="registroCheck" class="acciones.RegistroAcciones" method="guardar">
            <result name="success">/vistas/login.jsp</result>
            <result name="error">/vistas/registro.jsp</result>
            <result name="input">/vistas/registro.jsp</result>
        </action>
        <action name="altaUsuario" class="acciones.UsuarioAcciones" method="guardar">
            <result name="success">/vistas/usuario/listadoUsuarios.jsp</result>
            <result name="error">/vistas/registro.jsp</result>
            <result name="input">/vistas/registro.jsp</result>
        </action>
        <action name="usuarioModificar" class="acciones.Acciones" method="cargarFormUsuario">
            <result name="success">/vistas/usuario/usuario.jsp</result>
        </action>
        <action name="usuarioGuardar" class="acciones.UsuarioAcciones" method="modifyUser">
            <result name="success">/vistas/usuario/listadoUsuarios.jsp</result>
            <result name="input">/vistas/usuario/usuario.jsp</result>
        </action>
        <action name="usuarioEliminar" class="acciones.Acciones" method="deleteUser">
            <result name="success">/vistas/usuario/listadoUsuarios.jsp</result>
            <result name="input">/vistas/usuario/listadoUsuarios.jsp</result>
        </action>
        
    </package>
</struts>
