<!DOCTYPE struts PUBLIC
"-//Apache Software Foundation//DTD Struts Configuration 2.0//EN"
"http://struts.apache.org/dtds/struts-2.0.dtd">

<struts>
    <!-- Configuration for the default package. -->
    <package name="accionesTemas" extends="struts-default">
        <action name="listadoTemas" class="acciones.Acciones" method="listadoTemas">
            <result name="success">/vistas/tema/listadoTemas.jsp</result>
        </action>
        <action name="nuevoTema" class="acciones.Acciones" method="cargarFormForo">
          <result name="success">/vistas/tema/nuevoTema.jsp</result>
        </action>
        <action name="temaGuardar" class="acciones.TemaAcciones" method="nuevoTema">
            <result name="success">/vistas/tema/listadoTemas.jsp</result>
        </action>
        <action name="borrarTema" class="acciones.Acciones" method="deleteTema">
          <result name="success">/vistas/tema/listadoTemas.jsp</result>
        </action>
    </package>
    
    <package name="accionesMensajes" extends="struts-default">
        <action name="listadoMensajes" class="acciones.MensajeAcciones">
            <result name="success">/vistas/tema/listadoMensajes.jsp</result>       
        </action>
        <action name="escribir" class="acciones.MensajeAcciones" method="escribirMensaje">
            <result name="success">/vistas/tema/listadoMensajes.jsp</result>       
        </action>
        <action name="deleteMsg" class="acciones.MensajeAcciones" method="deleteMensaje">
            <result name="success">/vistas/tema/listadoMensajes.jsp</result>
        </action>
    </package>
</struts>
