<!DOCTYPE struts PUBLIC
"-//Apache Software Foundation//DTD Struts Configuration 2.0//EN"
"http://struts.apache.org/dtds/struts-2.0.dtd">

<struts>
    <!-- Configuration for the default package. -->
    <include file="accionesProductos.xml"/>
    <include file="accionesUsuarios.xml"/>
    <include file ="accionesCategoria.xml"/>
    <include file ="accionesRol.xml"/>
    <include file ="accionesTema.xml"/>
    <include file ="accionesPublicidad.xml"/>
    
    <package name="default" extends="struts-default">
        <action name="">
            <result type="chain">login</result>
        </action>
    </package>
    <package name="accionesLogin" extends="struts-default">
        <action name="login">
            <result>/vistas/login.jsp</result>
        </action>
        <action name="loginCheck" class="acciones.Login">
            <result name="success">/vistas/menu.jsp</result>
            <result name="error">/vistas/login.jsp</result>
            <result name="input">/vistas/login.jsp</result>
        </action>
        <action name="logout" class="acciones.Acciones" method="logout">
            <result name="success">/vistas/login.jsp</result>
        </action>
    </package>
 
    <package name="accionesTransacciones" extends="struts-default">
        <action name="listadoTransacciones" class="acciones.TransaccionAcciones" >
            <result name="success">/vistas/transacciones/listadoTransacciones.jsp</result>
        </action>
    </package>
    
    <package name="accionesMenu" extends="struts-default">
        <action name="menu" class="acciones.Acciones" method="mainMenu">
            <result name="success">/vistas/menu.jsp</result>
        </action>
    </package>
    
</struts>
