<?xml version="1.0"?>
<!DOCTYPE hibernate-mapping PUBLIC "-//Hibernate/Hibernate Mapping DTD 3.0//EN"
"http://www.hibernate.org/dtd/hibernate-mapping-3.0.dtd">
<!-- Generated 01-jun-2022 12:27:39 by Hibernate Tools 4.3.1 -->
<hibernate-mapping>
    <class name="modelo.Central" table="central" catalog="banco" optimistic-lock="version">
        <id name="nombre" type="string">
            <column name="nombre" length="15" />
            <generator class="assigned" />
        </id>
        <property name="direccion" type="string">
            <column name="direccion" length="65535" not-null="true" />
        </property>
        <property name="email" type="string">
            <column name="email" length="60" not-null="true" />
        </property>
        <property name="telefono" type="int">
            <column name="telefono" not-null="true" />
        </property>
        <set name="sucursals" table="sucursal" inverse="true" lazy="true" fetch="select">
            <key>
                <column name="`nombre banco`" length="15" not-null="true" />
            </key>
            <one-to-many class="modelo.Sucursal" />
        </set>
    </class>
</hibernate-mapping>
