<?xml version="1.0"?>
<!DOCTYPE hibernate-mapping PUBLIC "-//Hibernate/Hibernate Mapping DTD 3.0//EN"
"http://www.hibernate.org/dtd/hibernate-mapping-3.0.dtd">
<!-- Generated 02-jun-2022 12:03:38 by Hibernate Tools 4.3.1 -->
<hibernate-mapping>
    <class name="persistencia.Bizum" table="bizum" catalog="banco" optimistic-lock="version">
        <id name="id" type="java.lang.Integer">
            <column name="id" />
            <generator class="identity" />
        </id>
        <many-to-one name="cuentaBancaria" class="persistencia.CuentaBancaria" fetch="select">
            <column name="IBAN" length="40" not-null="true" />
        </many-to-one>
        <property name="movilDestinatario" type="int">
            <column name="`movil destinatario`" not-null="true" />
        </property>
        <property name="fecha" type="timestamp">
            <column name="fecha" length="26" not-null="true" />
        </property>
        <property name="cantidad" type="float">
            <column name="cantidad" precision="12" scale="0" not-null="true" />
        </property>
    </class>
</hibernate-mapping>
