<?xml version="1.0"?>
<!DOCTYPE hibernate-mapping PUBLIC "-//Hibernate/Hibernate Mapping DTD 3.0//EN"
"http://www.hibernate.org/dtd/hibernate-mapping-3.0.dtd">
<!-- Generated 02-jun-2022 12:03:38 by Hibernate Tools 4.3.1 -->
<hibernate-mapping>
    <class name="persistencia.CuentaBancaria" table="`cuenta bancaria`" catalog="banco" optimistic-lock="version">
        <id name="iban" type="string">
            <column name="IBAN" length="40" />
            <generator class="assigned" />
        </id>
        <property name="cantidad" type="float">
            <column name="cantidad" precision="12" scale="0" not-null="true" />
        </property>
        <set name="tarjetas" table="tarjeta" inverse="true" lazy="true" fetch="select">
            <key>
                <column name="IBAN" length="40" not-null="true" />
            </key>
            <one-to-many class="persistencia.Tarjeta" />
        </set>
        <set name="bizums" table="bizum" inverse="true" lazy="true" fetch="select">
            <key>
                <column name="IBAN" length="40" not-null="true" />
            </key>
            <one-to-many class="persistencia.Bizum" />
        </set>
        <set name="transferencias" table="transferencia" inverse="true" lazy="true" fetch="select">
            <key>
                <column name="IBAN" length="40" not-null="true" />
            </key>
            <one-to-many class="persistencia.Transferencia" />
        </set>
        <set name="usuarios" table="usuario" inverse="true" lazy="true" fetch="select">
            <key>
                <column name="IBAN" length="40" not-null="true" />
            </key>
            <one-to-many class="persistencia.Usuario" />
        </set>
        <set name="prestamos" table="prestamo" inverse="true" lazy="true" fetch="select">
            <key>
                <column name="IBAN" length="40" not-null="true" />
            </key>
            <one-to-many class="persistencia.Prestamo" />
        </set>
    </class>
</hibernate-mapping>
