<?xml version="1.0"?>
<!DOCTYPE hibernate-mapping PUBLIC "-//Hibernate/Hibernate Mapping DTD 3.0//EN"
"http://www.hibernate.org/dtd/hibernate-mapping-3.0.dtd">
<!-- Generated 02-jun-2022 12:03:38 by Hibernate Tools 4.3.1 -->
<hibernate-mapping>
    <class name="persistencia.Sucursal" table="sucursal" catalog="banco" optimistic-lock="version">
        <id name="id" type="java.lang.Integer">
            <column name="id" />
            <generator class="identity" />
        </id>
        <many-to-one name="central" class="persistencia.Central" fetch="select">
            <column name="`nombre banco`" length="15" not-null="true" />
        </many-to-one>
        <property name="direccion" type="string">
            <column name="direccion" length="65535" not-null="true" />
        </property>
        <set name="usuarios" table="usuario" inverse="true" lazy="true" fetch="select">
            <key>
                <column name="`id sucursal`" not-null="true" />
            </key>
            <one-to-many class="persistencia.Usuario" />
        </set>
    </class>
</hibernate-mapping>
