<?xml version="1.0"?>
<!DOCTYPE hibernate-mapping PUBLIC "-//Hibernate/Hibernate Mapping DTD 3.0//EN"
"http://www.hibernate.org/dtd/hibernate-mapping-3.0.dtd">
<!-- Generated 02-jun-2022 12:03:38 by Hibernate Tools 4.3.1 -->
<hibernate-mapping>
    <class name="persistencia.Usuario" table="usuario" catalog="banco" optimistic-lock="version">
        <id name="dni" type="string">
            <column name="DNI" length="9" />
            <generator class="assigned" />
        </id>
        <many-to-one name="cuentaBancaria" class="persistencia.CuentaBancaria" fetch="select">
            <column name="IBAN" length="40" not-null="true" />
        </many-to-one>
        <many-to-one name="sucursal" class="persistencia.Sucursal" fetch="select">
            <column name="`id sucursal`" not-null="true" />
        </many-to-one>
        <property name="nombreCompleto" type="string">
            <column name="`nombre completo`" length="40" not-null="true" />
        </property>
        <property name="direccion" type="string">
            <column name="direccion" length="65535" not-null="true" />
        </property>
        <property name="movil" type="int">
            <column name="movil" not-null="true" />
        </property>
    </class>
</hibernate-mapping>
